id,user_id,last_name,name,adress,phone_number,mail
1,1,Olivier,Suzanne,"rue de Diallo, 54122 Guichard-les-Bains",04 02 24 23 87,laure77@ifrance.com
2,2,Rodrigues,Patricia,"43, boulevard Perret, 62304 Ferrand-les-Bains",+33 4 86 62 14 91,ogosselin@germain.fr
3,3,Letellier,Christiane,"3, avenue Goncalves, 82520 Charpentierboeuf",+33 1 12 19 66 96,theophilesimon@yahoo.fr
4,4,Lebreton,Valérie,"602, chemin Lucas Picard, 87341 Saint André",+33 (0)1 41 58 59 10,carpentiermanon@tiscali.fr
5,5,Sauvage,Jeanne,"rue Jacquot, 21335 Andre-la-Forêt",+33 3 64 43 53 95,hlagarde@laposte.net
6,6,Roche,Laurence,"764, rue de Chevalier, 39634 Sainte Rémy-la-Forêt",+33 1 09 91 17 33,gonzalezyves@sfr.fr
7,7,Chartier,Camille,"43, boulevard de Carre, 00531 Saint Benoît-les-Bains",05 38 70 08 67,lefevreedouard@clerc.com
8,8,Bodin,Adélaïde,"547, rue Arnaud, 58443 Lombardboeuf",+33 2 02 95 14 03,hbrunet@barthelemy.fr
9,9,Robert,Virginie,"33, rue Antoine, 51352 Saint Charlottenec",+33 4 72 20 05 10,aroy@michel.fr
10,10,Labbé,Maggie,"6, rue Roux, 16396 Le Gall-sur-Mer",+33 2 74 48 77 90,zlefort@torres.net
11,11,Payet,Michèle,"24, avenue Auguste Fernandes, 82465 Albert",+33 8 00 54 60 19,vrodrigues@tele2.fr
12,12,Leroux,Louise,"708, rue Moreno, 87819 Roy",+33 (0)3 62 37 65 44,galexandre@free.fr
13,13,Martinez,Philippine,"8, rue de Philippe, 37296 Bernier-sur-Mace",05 65 59 72 24,ypottier@noos.fr
14,14,Le Roux,Andrée,"1, avenue Thierry, 98842 Renard-sur-Garnier",05 99 45 07 25,jeromeledoux@tiscali.fr
15,15,Chevallier,Augustin,"boulevard Mercier, 43459 Larocheboeuf",+33 (0)1 88 36 17 99,patrickparent@voila.fr
16,16,François,Audrey,"766, rue de Delannoy, 36447 Lemaître",0264816648,paul77@perrot.com
17,17,Grenier,Jérôme,"91, chemin Léon Leblanc, 57016 Saint Marine",03 52 71 54 10,sylviepinto@tiscali.fr
18,18,Techer,Mathilde,"93, boulevard Marianne Guichard, 00238 Bègue",0477047765,rocherwilliam@tanguy.org
19,19,Antoine,Claire,"68, rue de Prévost, 43912 Sainte Olivier",+33 5 93 31 28 76,catherine75@yahoo.fr
20,20,Jacquot,Noémi,"rue de Besnard, 78845 Maréchal-sur-Mer",0534267883,pichonpierre@laposte.net
21,21,Baron,Caroline,"569, boulevard de Chartier, 72160 Saint Simone",03 50 76 59 34,drobin@blondel.com
22,22,Klein,Alix,"2, rue Bazin, 37149 Blanchetboeuf",+33 (0)1 74 39 84 84,bourdonmanon@lacombe.com
23,23,Joubert,Lucas,"7, boulevard Maurice, 60199 Étienne",05 11 50 29 01,bfouquet@yahoo.fr
24,24,Lamy,Lucas,"70, rue Weiss, 08019 Saint Lucy",02 24 04 67 62,claudinecouturier@roux.fr
25,25,Fleury,Adèle,"332, boulevard de Denis, 64669 Schneider",+33 (0)4 41 55 08 05,olamy@gaudin.fr
26,26,Leclerc,Antoinette,"chemin Poirier, 45545 Poulain",0212358900,jvalette@martin.com
27,27,Lopes,Antoinette,"89, chemin Weiss, 87337 Joly",+33 (0)6 27 25 52 53,ddubois@barbier.com
28,28,Martin,Bertrand,"boulevard De Oliveira, 43595 Olivierboeuf",+33 1 40 36 40 72,zdiaz@chartier.fr
29,29,Paul,Antoine,"50, avenue Mary, 58684 Gérard-les-Bains",0803813428,bigotcorinne@club-internet.fr
30,30,Thibault,Emmanuel,"59, chemin Aimée Charrier, 17983 Bruneldan",+33 4 78 92 23 46,edith01@renard.fr
31,31,Joly,Thierry,"65, chemin Pichon, 76112 Perrot-la-Forêt",+33 8 05 06 42 10,chantal88@texier.fr
32,32,Breton,Constance,"93, boulevard Aimé Duhamel, 74532 Chauveau-sur-Perrot",08 03 60 78 30,gcouturier@gmail.com
33,33,Philippe,Marthe,"3, chemin Ferreira, 74831 Saint Zacharie",01 21 31 17 90,renaultgabrielle@da.org
34,34,Martinez,Juliette,"90, chemin Gonzalez, 83477 Thierry",+33 1 38 25 86 64,didierantoinette@verdier.fr
35,35,Delahaye,Émile,"39, chemin Blin, 51300 Sainte Hortense-la-Forêt",0387054178,jeannepages@tele2.fr
36,36,Paul,Henri,"54, avenue de Alves, 72352 Aubert",+33 1 96 32 22 93,tbruneau@tele2.fr
37,37,Chauveau,Timothée,"23, rue Raymond, 78172 Pereira",+33 (0)1 94 45 40 38,traorececile@voila.fr
38,38,Pasquier,Adélaïde,"8, chemin de Bertrand, 50162 Maréchal",+33 5 10 98 28 60,laurencemarchand@wanadoo.fr
39,39,Delahaye,Émile,"63, boulevard Ramos, 50818 Legrand-sur-Mer",+33 (0)1 45 32 00 16,celinamonnier@bourgeois.fr
40,40,Andre,Monique,"68, avenue Dorothée Foucher, 79013 Gallet",01 28 08 47 60,benjaminbousquet@noos.fr
41,41,Hubert,Thomas,"rue Lévy, 35934 Brunel",04 66 51 54 67,sperret@laroche.org
42,42,Lombard,Luce,"16, rue de Bègue, 25974 Vincent",+33 (0)1 46 23 94 98,charlesrossi@sfr.fr
43,43,Boyer,Martin,"22, boulevard Louis, 81407 Saint Aimée-sur-Mer",+33 1 32 49 81 84,rtessier@gonzalez.com
44,44,Martin,Thierry,"51, boulevard Pires, 73458 MauryVille",0809675617,bernadettemarchand@vincent.com
45,45,Klein,Claude,"87, chemin Gonzalez, 77206 Leclerc",+33 (0)8 02 36 92 67,ferreiradavid@marchand.fr
46,46,Breton,Alix,"99, chemin de Rousset, 34401 Renaud-sur-Dupré",0474844670,lemaitreolivie@gmail.com
47,47,Lambert,Marie,"77, boulevard Luce Fournier, 78341 Delaunay-sur-Olivier",+33 1 57 26 58 92,daniel22@boyer.com
48,48,Perret,Thibaut,"442, rue de Goncalves, 39282 Thibault",02 07 84 04 18,josette31@rocher.fr
49,49,Dupré,Laetitia,"891, rue de Faure, 38007 Sainte Bernardnec",+33 5 29 49 00 74,paulette49@hotmail.fr
50,50,Berthelot,Suzanne,"1, boulevard Stéphanie Guillet, 63607 Bousquetnec",+33 (0)4 29 85 67 68,sroy@ifrance.com
51,51,Monnier,Claudine,"17, chemin Chauveau, 65786 Saint Charles-les-Bains",04 66 81 40 25,barreoceane@lejeune.com
52,52,Traore,Guy,"31, rue Guillou, 12196 Saint Pauline",0315355979,jhumbert@wanadoo.fr
53,53,Allain,Emmanuel,"75, rue Augustin Lefort, 84613 Pineau",0113325464,gerard09@mary.org
54,54,Le Goff,Michèle,"5, avenue de Olivier, 91602 Blin",01 11 22 65 68,yvesmichel@hotmail.fr
55,55,Girard,Thierry,"chemin Leleu, 95934 SimonBourg",+33 3 67 60 12 62,dlamy@ribeiro.fr
56,56,Delannoy,Michelle,"85, rue de Peltier, 27420 Bourdon",01 11 20 63 12,rdidier@hotmail.fr
57,57,Barbe,Hortense,"56, rue Guillou, 02270 Legros",01 09 59 73 71,ycousin@boucher.fr
58,58,Rolland,Margaret,"51, chemin Picard, 28427 Bonnet",+33 (0)6 80 43 21 20,klamy@dbmail.com
59,59,Labbé,Zoé,"avenue Gabrielle Teixeira, 45213 Hamon",0560831664,petitjeanhonore@tiscali.fr
60,60,Hebert,Joséphine,"127, chemin Brunel, 98293 Grenier-sur-Mer",+33 (0)4 95 95 31 35,gpeltier@barbier.com
61,61,Fouquet,Jacqueline,"64, rue de Ribeiro, 27750 Barbier",06 65 73 44 15,glacombe@bazin.fr
62,62,Fouquet,Stéphane,"5, chemin Jérôme Lopez, 35858 Saint Christine",01 21 09 97 39,briandmargaux@laposte.net
63,63,Rocher,Patricia,"40, chemin de Briand, 79979 Vaillantnec",+33 4 17 95 39 58,delormeeleonore@yahoo.fr
64,64,Duhamel,Anouk,"rue Suzanne Breton, 67354 Hardy",0803736257,normandpierre@live.com
65,65,Renard,Thomas,"1, chemin Ramos, 14360 Saint ConstanceVille",0403603071,josephinehardy@orange.fr
66,66,Blot,Julie,"avenue Fouquet, 00891 Rocher",+33 5 93 98 05 32,brunetlouis@free.fr
67,67,Torres,Gabriel,"38, rue de Faivre, 64673 Lebrun",+33 2 24 44 16 07,pparis@tessier.fr
68,68,Charpentier,Guillaume,"30, chemin de Camus, 85270 Ferreira",+33 3 06 48 47 49,sylvieboulanger@millet.fr
69,69,Bousquet,Éléonore,"74, avenue de Teixeira, 02356 Saint Dominique-sur-Mer",+33 (0)1 31 56 68 88,daviddias@gmail.com
70,70,Dijoux,Sabine,"80, chemin Danielle Thibault, 00499 Cohen",0102628943,helene16@sfr.fr
71,71,Gosselin,Valérie,"174, chemin de Maillard, 59417 Ruiz",0165472745,hcohen@michaud.com
72,72,Gaudin,Marie,"6, rue Marcel Pascal, 27681 Aubert",01 85 77 64 93,merlesebastien@tele2.fr
73,73,Lamy,Michèle,"rue Lemonnier, 83637 Marchal",+33 4 53 34 16 77,aimeebertrand@yahoo.fr
74,74,Labbé,Stéphane,"77, rue de Raymond, 99261 Lacombe-sur-Mer",0181035443,alexandriegirard@leveque.net
75,75,Bertrand,Corinne,"23, avenue Stéphanie Roussel, 82399 Saint Bernadettedan",03 51 60 19 97,rochemarc@live.com
76,76,Pascal,Philippine,"avenue Emmanuelle Pinto, 42651 Leleu-la-Forêt",+33 (0)1 22 56 29 62,rossilorraine@guillon.org
77,77,Bigot,Manon,"85, rue Muller, 85752 Georges",0205327191,fmarie@payet.fr
78,78,Gauthier,Marc,"42, chemin Fouquet, 78122 DelattreVille",+33 1 19 79 87 51,juliettedidier@leclercq.com
79,79,Blanc,Corinne,"69, rue de Seguin, 78626 Imbert",+33 5 88 58 95 54,vandre@julien.com
80,80,Brunet,Hugues,"rue de Gaillard, 91870 Payetdan",08 00 34 36 75,astrid82@legrand.com
81,81,Dias,Valentine,"20, rue de Morvan, 55537 Caron",+33 (0)8 07 73 69 15,charlesgeorges@blanchet.com
82,82,Gonzalez,Margaret,"940, avenue Victoire Duhamel, 61866 Collin",0325642829,adrienne63@tele2.fr
83,83,Toussaint,Joséphine,"avenue Perrin, 35857 Marie",01 34 02 66 43,alexandria58@pascal.fr
84,84,Dufour,Élise,"1, rue de Meyer, 76788 Charles",+33 1 81 32 43 50,laurencedubois@hardy.fr
85,85,Mercier,Margot,"178, avenue de Marchal, 18670 Sainte Vincent-la-Forêt",+33 (0)5 50 44 05 10,chartierpaulette@guillou.com
86,86,Germain,Christine,"chemin Tanguy, 64218 Ledoux-sur-Mer",02 78 55 79 80,le-gallrene@dbmail.com
87,87,Vincent,Élisabeth,"48, chemin de Benard, 77245 PelletierVille",04 73 13 79 21,josephleblanc@noos.fr
88,88,Pereira,Stéphane,"135, avenue de Le Roux, 68959 HervéVille",+33 2 84 84 30 15,croux@wanadoo.fr
89,89,Cordier,Roger,"72, boulevard de Bonnet, 80291 Fournier",04 46 43 12 02,madeleine40@orange.fr
90,90,Rossi,Émilie,"74, chemin de Delorme, 46362 Pottier",+33 (0)8 05 19 24 60,jbrun@bouygtel.fr
91,91,Giraud,Corinne,"73, chemin Charlotte Julien, 36016 Morvan",08 09 82 89 30,martine79@pons.fr
92,92,Legros,Margot,"541, chemin Weber, 21232 Sainte Margot",0805983248,qgoncalves@sfr.fr
93,93,Rolland,Christiane,"avenue Dufour, 29778 Saint Virginie-sur-Mer",04 66 32 69 29,lamyeric@gmail.com
94,94,Roux,Antoinette,"53, chemin Caroline Michaud, 48860 Gosselin",+33 1 07 68 19 49,xsimon@wanadoo.fr
95,95,Chrétien,Xavier,"18, rue Alix Bailly, 37646 Legrand",+33 (0)6 72 59 29 31,neveurobert@perrin.fr
96,96,Georges,William,"26, chemin de Charles, 06158 Sainte GuillaumeVille",0272152350,imartinez@tele2.fr
97,97,Delahaye,Célina,"88, boulevard de Cordier, 03226 Millet",+33 1 05 99 86 33,guillaume18@yahoo.fr
98,98,Le Roux,Célina,"23, rue Bonnin, 62666 Maurice",+33 2 78 41 60 97,clemence10@labbe.net
99,99,Leduc,Denise,"2, rue Mahe, 54415 Charrier",+33 1 75 20 83 10,emmanuel59@bouygtel.fr
100,100,Loiseau,Marthe,"23, rue Hoarau, 53073 Mahe",05 68 74 84 75,edithhuet@bouygtel.fr
