id,role,username,password
1,1,dominiquehebert,+0SZsbw$*l
2,2,gilles52,SGRc6Ogff)
3,2,alfred35,&1XDo_c)W8
4,3,ctorres,o!L2Q*dr%P
5,3,ohenry,jp4EsGt7Q^
6,3,oliviegilbert,D@N6#0FuIw
7,3,margueritehenry,&1&0Zjo_Hc
8,3,philippebaron,n+Sp7UPyA5
9,3,hlamy,!U7I0kuJ&(
10,2,vseguin,8DQxfqIA!4
11,3,rjacquet,r!9EtRK2Ff
12,3,besnardlaurent,Capi6Jq1C)
13,3,rpineau,F%90WGszso
14,3,xguerin,8fq9LSqyv)
15,3,umoulin,XGa8aYcv$)
16,3,thibault38,^0$9edYj)0
17,3,georgesguillet,^sZ#(hWU&4
18,1,josetteribeiro,%gVmjy20p8
19,3,emmanuel93,DblE04pG@5
20,3,ejean,G!5U0^cXSd
21,3,reynauddorothee,)_P2X^^po$
22,3,isaacjourdan,7U*2lO1io1
23,3,nvaillant,qp!^9BxirR
24,3,heleneadam,_Kh3Bouz5w
25,3,vpayet,54ylZlZy_)
26,3,yves83,x4z+oQcK(g
27,3,margotcolas,%2iNXqb_29
28,3,adrien66,0ukhp4Wj)e
29,3,legeralex,X5JwkW!Y_A
30,3,lacroixodette,#jj4FtclS5
31,3,michel38,*@GZ0FUwl7
32,3,michaudluc,H)8lPFXp8r
33,3,mrossi,!7rjJDQ1j5
34,3,aleroux,8MDax4Qn&3
35,3,edithklein,^3ZtAG^&jb
36,3,tmallet,E*2NMafiLB
37,1,honorelegrand,2T!(3RZhGr
38,3,paulettegiraud,_61!pJXb#_
39,3,philippevaillant,^SAL+j@a_8
40,3,michelthibaut,*5Kg5h))36
41,3,renee20,+8yXmfA#2%
42,3,constancebreton,g%5_dmVuBJ
43,3,pdos-santos,#)j&Q4Pj%M
44,3,hamelanne,v3aqxnN+#&
45,3,jeanne72,!1gCcZkNc4
46,3,vlopez,7x204Ikcc%
47,3,fouquettheodore,W)6CpFgW@+
48,3,barredominique,0rwaBHkg+)
49,3,lmunoz,o%#4SREr(9
50,3,durandmarianne,$obBBmko9w
51,3,ferrandpaulette,6^6ZHlnnjB
52,3,jacques23,$2_Q^gy@(E
53,3,georges12,Z30Qp3hq&Q
54,3,juliette80,X&b26Set_0
55,3,gregoire04,0pq9Wlk3)m
56,3,francoiserossi,Sb4W&3Leg!
57,3,alix81,!jMDhCN@1W
58,3,guillaumemartins,KM_l4AQms4
59,3,emmanuellebecker,(XvO9swg5N
60,3,oboutin,m3pKM1z^*3
61,3,hervefrancoise,9K1W2V^sx_
62,3,margaretle-roux,+JHDt@yU50
63,3,ncolas,@ar58Ucl8r
64,3,lemaireconstance,D@0N^oupMC
65,3,ffournier,+FeZ3vVbU$
66,3,cperez,sfZ87&BgB$
67,3,margotguyon,d#9Xyergk1
68,3,martinsisabelle,QnM#7VClsF
69,3,bertinelodie,#3SJ#Q)OUl
70,3,lebretonlaurent,s9G&5JHw%s
71,3,seguinastrid,eg(1S0fXlc
72,3,kmartinez,+0QVyY7jDj
73,3,odette12,^XZIIrrw+6
74,3,julienvincent,7K3QnedFl+
75,3,leon59,0XLC9cKt%W
76,3,fouquetantoinette,)$W9Ha!h^8
77,3,ericrocher,d!2QBhTV3e
78,3,gabrielletessier,_9Z_yMnLBF
79,3,valeriepoulain,ipdW_2Xyb5
80,3,philippecarpentier,JN8I^duY*B
81,3,edithleconte,$J&$eIluK8
82,3,prodrigues,!3tCSVbz#M
83,3,odette20,#)2doFoLcL
84,3,francoise70,!CanO2Jw3M
85,3,torresphilippine,H#60O%iZ*$
86,3,giraudhortense,aK)X6Izr0e
87,3,teixeiranath,4U%P4wnj_u
88,3,michellerodriguez,#2WWM_e6AN
89,3,alexandrie14,LR%v1YXv)*
90,3,gvasseur,F5UxVt@m_6
91,3,victorgillet,^^7Viw%ijv
92,2,jraymond,j*6KyGz@&2
93,3,udenis,_47YC&axOd
94,3,penelopecharles,0*TRjbEi%@
95,3,toussaintalexandria,)8Ei49D9mV
96,3,pherve,#6^XJ1$pm_
97,3,emilerobert,wt48WoWi^F
98,3,sophie67,eN3EvnhUP%
99,3,cecileboyer,$2VAqBBtQV
100,3,hoareauleon,tbiysZAv^0
