id,role_id,nom,prenom,adresse,telephone,email,username,password
1,1,Moreau,Alexandrie,"63, boulevard Benoît Rolland, 51763 Perrot",0632269593,fpoirier@lejeune.com,victorcollet,(Q8UOlvbz0
2,2,Clerc,Rémy,"93, rue Mendès, 39306 Rocher",+33 (0)5 33 70 13 58,benjamin09@lacombe.com,pereiradorothee,ck8NR8hX$6
3,3,Barbe,Étienne,"rue Jacquet, 37997 Pascal",+33 (0)1 65 13 98 37,imenard@ifrance.com,laurence25,@m6G5Pqvc_
4,3,Collet,Théodore,"80, chemin Alfred Poirier, 93879 Saint Marie",+33 (0)1 53 73 33 09,thierrymaurice@lefebvre.fr,jacobodette,8IWhkwHP%R
5,2,Lacombe,Victor,"16, chemin Lopez, 76820 Pruvost",0313365795,colinvalentine@wanadoo.fr,tguillet,_HLDhegK83
6,2,Barbe,Odette,"93, rue Robert Lévy, 31783 MorvanVille",+33 (0)6 85 80 80 93,bouvierbernard@lefevre.fr,froussel,GV1l5szk@^
7,2,Joubert,Alexandre,"76, chemin Tristan De Oliveira, 18336 Reynaud-sur-Mer",08 07 28 62 37,didieraime@humbert.com,sylviejoly,RWq7P&(i!)
8,2,Coulon,Colette,"60, rue Toussaint, 89157 AlexandreBourg",03 25 13 13 29,jeanperrot@fontaine.fr,lucas60,Z*a^67Hfin
9,1,Delannoy,Thérèse,"765, boulevard de Thomas, 53758 Sauvageboeuf",0223857659,guerinlucas@free.fr,bdumont,6UUm#7Wwz)
10,1,Weiss,Henriette,"85, rue de Allain, 32852 Menard-la-Forêt",0330352391,vmorel@lecoq.com,noelfleury,qT+2Wbml98
11,1,Collin,Éric,"770, avenue Juliette Diallo, 31670 Gaudinboeuf",+33 (0)1 63 80 75 28,bernadettedelannoy@dbmail.com,goncalvesbernadette,E2ZJZOa$+U
12,1,Chauvin,Louise,"17, rue Anne David, 25638 Faure",02 73 55 38 29,tleleu@lamy.net,tbrunel,)_OteFbD8l
13,3,Rossi,Clémence,"78, rue Élisabeth Fouquet, 28258 Perrot",03 22 15 23 33,marcellelevy@simon.com,thibaut32,)%eKboXH8g
14,3,Julien,Stéphanie,"avenue Normand, 75997 Da Costadan",01 05 23 75 75,oklein@yahoo.fr,claire33,^)t3(NuB(!
15,3,Duhamel,Adélaïde,"91, rue de Ferreira, 67639 MeyerBourg",06 36 03 60 25,zberger@ifrance.com,vvallee,z_K2L2zfeR
16,2,Guillaume,Diane,"avenue de Regnier, 93681 Lamyboeuf",+33 (0)8 03 36 37 32,olivie69@besson.com,gilbertreynaud,HS*3hNcb8&
17,2,Huet,Dorothée,"970, rue Sébastien Mercier, 67393 Bourgeois",+33 1 56 23 78 60,ephilippe@thibault.org,luce51,i%6tlHdEM)
18,3,Teixeira,Claire,"rue Anne Boulay, 88313 Blondel-les-Bains",+33 1 17 17 99 10,christinebonnet@jacquet.com,robertaurore,&02OdQPw@F
19,1,Ruiz,Jules,"rue de Carre, 25351 Benard",+33 (0)1 21 51 56 77,simone03@live.com,ameliegiraud,@gUYHn%LG8
20,1,François,Marianne,"93, rue de Roy, 01225 Caron",0516769375,ebouchet@bouygtel.fr,caronolivie,ZC26R2@n*_
21,3,Laporte,Louise,"67, chemin Moreno, 33057 Sainte Susanne",+33 (0)8 05 65 63 72,virginieguillet@laposte.net,victoiredupont,_6MYBJsI_9
22,3,Jacquot,Michelle,"29, avenue Perez, 52888 Saint Marie",0303718310,amelie91@colas.org,uvaillant,e*aB0FqoNa
23,3,Delorme,Gilbert,"53, avenue Vidal, 83029 Torres",0235539391,delannoyluce@laposte.net,edithboulanger,$sPJm6QZ3t
24,1,Marion,Christelle,"90, boulevard de Chartier, 20386 Masson-la-Forêt",+33 (0)1 30 90 66 83,emmanuelbertrand@hotmail.fr,alfredtessier,^)QjyCsB3*
25,2,Lefort,Eugène,"386, rue Leroy, 70770 Briand",0802230750,luc39@gosselin.fr,leroygenevieve,^8)5RqklUZ
26,2,Bodin,Anaïs,"26, rue Baudry, 89777 Roussel-les-Bains",0311095717,bouchereugene@yahoo.fr,alphonse01,3nQb2oK78^
27,2,Julien,Aurore,"1, boulevard de Laporte, 33358 Paris-sur-Delorme",+33 1 26 61 20 86,baillyeleonore@aubry.com,aimeroy,+nnSFmVVH3
28,3,Lefebvre,Colette,"681, boulevard Élodie Aubry, 65291 Delorme",+33 1 37 31 89 33,pierreparent@evrard.fr,emilie83,gZ7$7z5aZ)
29,3,Carre,Gérard,"951, rue de Georges, 19303 Samsonboeuf",08 06 13 18 52,flesage@gmail.com,simone71,*B0P^9Rl3)
30,1,Jean,Benoît,"171, chemin de Caron, 79573 Alves-sur-Guillou",05 23 17 86 31,christophedelmas@rodrigues.net,langloisalex,+s3IuMep8H
31,3,Chauveau,Jacqueline,"avenue Berthelot, 56855 Vincent-sur-Mer",06 23 53 99 81,pguillaume@lesage.fr,mcarre,k)K9dM%i+0
32,3,Mercier,Océane,"92, chemin de Pires, 15358 Sainte Danielnec",0310923330,davidlaunay@gillet.fr,morenojacqueline,$2r#ZCcx@M
33,3,Mace,Françoise,"avenue Guy Nguyen, 38600 Blin",02 79 65 37 63,couturieredith@philippe.com,lucimbert,f%L9WE@i)a
34,3,Costa,Marine,"213, rue de Martel, 72039 Bonnin-sur-Laporte",0195316156,colletveronique@tele2.fr,bertrandthomas,Cy5U3oHmi$
35,3,Dupré,Simone,"81, rue de Coste, 53310 Le Gall-sur-Maury",0302639395,gregoire89@sfr.fr,virginieimbert,)!71QY&tWV
36,2,Didier,Gabriel,"9, boulevard Grégoire, 90385 Pereira",01 32 68 81 78,valerie29@perrot.org,cpages,njt7QDGGb#
37,3,Collin,Benoît,"11, boulevard Guyot, 78336 Saint Juliette-sur-Mer",+33 1 23 03 52 73,aleger@potier.org,pierre99,^y&8jZx(+*
38,1,Rivière,Michelle,"62, rue de Barbe, 31657 Petit-sur-Jacquot",06 77 91 66 30,denise33@bouygtel.fr,abuisson,i3%!8RIcab
39,3,Barre,Manon,"31, rue Lucie Rossi, 90398 Chauvin-la-Forêt",+33 3 55 28 32 63,lgregoire@toussaint.org,monniernicole,_8joI+i#@G
40,3,Albert,Zoé,"70, rue Hélène Pinto, 27112 Bruneldan",+33 8 03 81 20 62,adelenguyen@free.fr,michelleschmitt,_!19Hj66(D
41,3,Becker,Éric,"3, chemin de Pichon, 85000 Neveu-sur-Masse",+33 (0)5 17 33 07 32,jnguyen@gillet.net,pjulien,&8KLoqwZpp
42,3,Perrier,Isabelle,"32, rue de Allain, 73377 Weber",0333783970,virginie25@live.com,techermartine,tQbA2HOp_&
43,3,Lefort,Michèle,"boulevard Leduc, 27129 Kleinnec",+33 3 26 33 18 33,benjaminbesson@noos.fr,franckgarcia,@vufFi+j%8
44,1,Boulanger,Denise,"33, boulevard Collin, 33166 Brun-sur-Mer",02 76 63 87 88,bonneaumonique@morin.fr,georges39,&T*3AKorao
45,3,Turpin,Jeannine,"99, boulevard Jacquet, 12719 Dufour",01 32 13 62 26,noel83@ifrance.com,valentinnicolas,n2Pccyy&(z
46,1,Andre,Hortense,"15, rue Bertrand, 86222 Benoit-sur-Buisson",03 73 18 70 93,faureeugene@live.com,mathildemichel,F0LY%ge*_P
47,3,Vallée,Stéphane,"82, avenue Anastasie Godard, 55228 Colasdan",+33 1 21 03 13 27,arthur25@riviere.org,agathe21,c^M2pdTr0B
48,3,Fischer,Julie,"17, chemin Monique Colin, 60639 BourgeoisVille",01 76 28 96 91,cohenalexandria@laurent.fr,fdelorme,&!t(9AythF
49,1,Didier,Inès,"789, boulevard Gaudin, 82371 Charpentier",0383198133,elodie52@club-internet.fr,valentinecouturier,)66UxNvRtg
50,3,Bonnin,Lucy,"67, chemin Alex Bouvier, 17338 Brunet",0696233520,wroyer@blanchet.com,noel97,Xm(rR6Uaov
51,2,Le Roux,Aurélie,"1, rue Bonneau, 79323 Teixeira",+33 1 88 65 75 12,laurentemile@dbmail.com,christophediaz,&Mub#KzY25
52,3,Leduc,Alexandria,"13, chemin Guillou, 83511 Bonnin",+33 (0)1 68 13 32 26,francoisclement@gmail.com,hortensedurand,OPX9LohaC)
53,1,Hebert,Gilles,"33, chemin Pons, 86033 Leleunec",0577173163,denis29@club-internet.fr,margaux59,o2Hri_*3$1
54,1,Guérin,Matthieu,"rue Roger Parent, 91650 Saint Richard-la-Forêt",0132298323,virginiemartel@lopes.com,josephinemoreno,I^3RC75nIu
55,3,Gomez,Emmanuel,"avenue Thomas Delannoy, 30923 Lombard",+33 (0)1 58 80 80 38,thibaultamelie@marty.fr,penelopebailly,1jTl9PO3T)
56,2,Boutin,Yves,"70, rue de Duhamel, 09539 Noëlboeuf",0313561666,levequemargot@imbert.com,ibriand,(r6%a*PewY
57,3,Laurent,Audrey,"21, chemin de Maury, 81125 Daniel",02 72 30 30 93,susanneda-costa@bourdon.fr,davidedouard,*8YM!lmN!O
58,2,Leroux,Paul,"73, boulevard Rivière, 33382 Clément",+33 (0)5 93 35 71 83,augerclaudine@chauvet.org,xgonzalez,$eChH_lC1s
59,2,Hebert,Richard,"35, boulevard Michèle Masse, 95786 Diasdan",+33 3 59 91 92 15,raymond38@live.com,jperon,#i5gRw!Q^9
60,1,Roy,Arnaude,"37, boulevard Emmanuelle Pichon, 13702 Sainte Virginie",+33 (0)2 87 81 33 89,guillongilbert@laposte.net,francois01,!v7%DCuajw
61,1,Goncalves,Claude,"2, avenue de Bernier, 33155 Gaudin-les-Bains",0297707593,robert07@hubert.fr,mariannelefort,1Ua1Ita_(5
62,3,Étienne,Gilles,"chemin de Lebreton, 52720 Gonzalez-sur-Perez",+33 (0)5 23 96 83 50,gilbertcohen@verdier.org,ecosta,9*+3Ge2R_7
63,3,Charles,Patricia,"937, chemin Letellier, 66029 Dubois",+33 2 19 69 31 97,laurentcolette@free.fr,karnaud,hgBZz9f*_5
64,3,Besnard,Grégoire,"83, avenue Roger, 53720 Deschampsboeuf",+33 8 00 17 68 91,benoitroyer@free.fr,erocher,t2S5wMHqx(
65,1,Royer,Guy,"31, rue de Dumas, 03295 RousseauVille",0170170576,remygonzalez@durand.com,madeleine83,+N3S&cTlCK
66,1,Lemaire,Louise,"50, rue Wagner, 53852 Reynaud-sur-Sauvage",+33 (0)3 25 00 12 35,aimee30@yahoo.fr,danielraymond,y(3Kbl0UD6
67,3,Pires,Émilie,"89, boulevard Maillet, 66337 Marchal-la-Forêt",+33 (0)5 53 23 68 86,thomasfrederic@wanadoo.fr,alexruiz,@3CxLpl&df
68,1,Lopez,Marianne,"630, avenue Verdier, 83373 Sainte Benjamin-la-Forêt",0102366733,alexandregermain@rossi.org,payettristan,%VjWLOij2H
69,2,Blondel,Aimé,"50, rue Nath Gaudin, 28132 Nguyen-sur-Fouquet",06 30 59 03 32,ines98@ledoux.fr,zantoine,P#)i1YuiP1
70,2,Gimenez,Thomas,"757, rue Sabine Pierre, 39712 Grégoire",+33 (0)2 97 03 97 07,rousseauchristophe@ifrance.com,caronmaryse,93O%JXan@L
71,2,Rémy,Nathalie,"62, boulevard Baron, 95038 Jacob",08 02 85 96 16,martineauemilie@live.com,patrick06,$3SDEno$Ra
72,3,Ruiz,Anouk,"rue Margot Brunel, 73533 Jacob-les-Bains",01 73 39 78 15,valerie09@julien.com,normandalix,z8Rn0Rym#1
73,2,Dumas,Claire,"99, avenue Grégoire Labbé, 51591 Bruneau",05 70 76 50 99,lecoqmaurice@noos.fr,gomesjeannine,6VyeK9zn%5
74,1,Guichard,Lucy,"73, rue Jeannine Gimenez, 79027 Huet-sur-Legendre",+33 (0)1 39 08 88 72,maggiegaillard@de.net,emmanuel35,$oO3SfAp&C
75,3,Samson,Henriette,"boulevard de Leclercq, 39672 Duvalnec",0802211759,eugene78@dbmail.com,audrey86,gI(1xTtj7o
76,2,Lelièvre,Agnès,"52, chemin Brunet, 29327 Bonneau",+33 3 33 20 63 61,margaud11@gomes.org,laineeric,0N3DOtP2_5
77,3,Robert,Michèle,"13, chemin de Turpin, 56618 Peron",0183736663,diasnoemi@dubois.com,henriette36,%yYVUxQW)6
78,2,Lecomte,Roland,"3, rue de Bailly, 33222 Munoz",+33 (0)8 07 09 65 19,jeannefernandez@tiscali.fr,pineauclaire,3@@6*qAkAj
79,3,Rodriguez,Alix,"13, boulevard de Noël, 27765 Arnaud-sur-Guyot",0553031832,bhoarau@club-internet.fr,thierry37,J_62Fy&!bq
80,2,Ferrand,Caroline,"90, rue de Dos Santos, 35092 Saint Alix",+33 (0)8 08 63 30 36,ymaillard@hardy.com,benoitrichard,o#^Q5TvrL7
81,2,Clément,Corinne,"7, boulevard de Girard, 30133 Sainte Émilie",0350930005,bvincent@live.com,beckerarnaude,976sFwCv+e
82,3,Thomas,Adrien,"63, rue Caron, 61781 Sainte Bernard-les-Bains",01 72 87 23 03,guilletphilippe@hardy.org,capucine61,L%0P#fve$3
83,3,Hamel,Jean,"69, rue Martel, 31857 Saint Susan",02 57 71 36 26,marquesthierry@club-internet.fr,lroyer,_30HEye*#g
84,3,Marion,Gabrielle,"29, chemin Marcel Barbier, 38935 Saint Sabine",03 53 06 38 37,texieranais@monnier.org,lemaireleon,pYDa3YNq&Y
85,3,Brunet,Sophie,"355, rue de Coulon, 53633 Saint AntoineVille",01 68 15 79 11,larochejeannine@club-internet.fr,reynaudauguste,7)3mAPevf)
86,1,Navarro,Anne,"3, avenue Antoine Renard, 09899 Robin",+33 (0)5 00 69 50 12,noel39@live.com,valentineribeiro,V$%p60Coox
87,2,Vasseur,Adélaïde,"15, chemin de Maillet, 61066 Muller",05 05 95 31 73,xaubry@jacquet.fr,nroche,8BdUhlPn$V
88,3,Rocher,Roland,"11, chemin de Dupuy, 00069 Ferreira-sur-Lacroix",+33 (0)8 00 32 37 92,veroniquegauthier@free.fr,epires,3kb3G3KF^%
89,3,Louis,Marthe,"5, avenue de Lefèvre, 33583 Meyer",0618762752,catherinelanglois@noos.fr,xferreira,*3O3Uf)geX
90,3,Dupuis,Laurent,"38, chemin Pruvost, 70723 Vallet",+33 5 07 20 35 30,mbertin@chevallier.net,penelope28,OWu^3uEnu5
91,3,Rodriguez,François,"781, rue Olivier Lebreton, 57035 Sainte Joséphinenec",03 32 65 36 57,michel20@tiscali.fr,delormevictor,$$y&LazR#1
92,3,Germain,Robert,"rue de Pereira, 59338 Godard",0806586353,tristanblot@free.fr,guillonadele,M20$Isoa&H
93,3,Masson,Maryse,"82, avenue Bouvet, 03152 Guillou",+33 1 58 58 57 32,danielvincent@teixeira.fr,arthur07,^2GnSRvOY5
94,1,Allain,Daniel,"26, rue de Klein, 80936 Lambert",+33 8 00 31 16 93,hnicolas@descamps.fr,yletellier,$5oSRNKv1L
95,1,Louis,Isaac,"58, avenue Bertin, 73355 Saint HuguesBourg",+33 (0)2 33 16 61 91,rmarty@dbmail.com,paulnavarro,EE(ap8KkPv
96,3,Lefebvre,Andrée,"73, chemin Valérie Cordier, 91352 Gallet-sur-Mer",+33 6 65 63 59 03,buissonaimee@club-internet.fr,vasseurjosette,XJq3!6Bf^6
97,3,Étienne,William,"7, boulevard de Barthelemy, 78929 Faure-sur-Cordier",05 52 69 37 85,pchauvet@bouygtel.fr,ipotier,@8_8DcrWii
98,2,Bègue,Valérie,"rue Blanchard, 05621 Leleu-les-Bains",08 00 10 15 73,olivie63@maury.com,lucieroy,xWWmbb+q)1
99,3,Tanguy,Odette,"8, chemin Colas, 77382 Salmon",+33 (0)1 29 97 98 00,duprepatricia@noos.fr,dbarthelemy,vy(+3VQv+_
100,1,Michel,Margot,"7, rue de Garcia, 61952 VasseurBourg",+33 5 30 25 87 95,lucasdias@girard.com,vmunoz,V&3DIB6#wf
101,1,laurendi,mugica,nope,01010101,lnope@gmail.com,laurendi,laurendi
102,1,chaimae,mehdaoui,nope,01010101,cnope@gmail.com,chaimae,chaimae
103,1,valentin,fevre,nope,01010101,vnope@gmail.com,valentin,valentin